code,system
9Os1.00,readv2
8OAD.00,readv2
G574000,readv2
G573500,readv2
9Os4.00,readv2
G573400,readv2
7936A00,readv2
G574z00,readv2
8HTy.00,readv2
2JS..00,readv2
14AD.00,readv2
G574.00,readv2
14AN.00,readv2
G573000,readv2
3283.00,readv2
3272.00,readv2
G573z00,readv2
G573200,readv2
9hF1.00,readv2
6A9..00,readv2
G573300,readv2
9Os..00,readv2
G573.00,readv2
9hF..00,readv2
9Os0.00,readv2
212R.00,readv2
7L1H.13,readv2
662S.00,readv2
7L1H700,readv2
G574011,readv2
8CMW200,readv2
9Os2.00,readv2
9Os3.00,readv2
7934000,readv2
G567200,readv2
G567.00,readv2
G567z00,readv2
G567300,readv2
G57yA00,readv2
G571.11,readv2
G574100,readv2
ZV45M00,readv2
328..00,readv2
G571.00,readv2
3282.00,readv2
328Z.00,readv2
7936B00,readv2
7936500,readv2
7937800,readv2
7936511,readv2
7936K00,readv2
7936C00,readv2
7937900,readv2
7936800,readv2
7936J00,readv2
7936700,readv2
7936D00,readv2
7936600,readv2
7936H00,readv2
7936E00,readv2
7937000,readv2
7936000,readv2
7936z00,readv2
7936y00,readv2
7936F00,readv2
7936.11,readv2
3298.00,readv2
G565000,readv2
G565z00,readv2
3299.00,readv2
G562.00,readv2
G561z00,readv2
G560.00,readv2
G566100,readv2
G566.00,readv2
G561400,readv2
G561200,readv2
329A.00,readv2
G561000,readv2
G564.00,readv2
P6y5.00,readv2
329..00,readv2
Gyu5X00,readv2
Gyu5U00,readv2
G56..12,readv2
P6y5200,readv2
P6y5000,readv2
G561311,readv2
G566z00,readv2
3295.00,readv2
3296.00,readv2
G561.00,readv2
G565.00,readv2
G562.11,readv2
P6y5100,readv2
G563.00,readv2
G565300,readv2
329Z.00,readv2
Gyu5W00,readv2
G562z00,readv2
G561300,readv2
G572100,readv2
32I2.00,readv2
3294.00,readv2
32I3.00,readv2
G57y500,readv2
G570000,readv2
3273.00,readv2
G573100,readv2
3292.00,readv2
G576300,readv2
3293.00,readv2
7936900,readv2
G573600,readv2
793M100,readv2
793M300,readv2
3264.00,readv2
14AR.00,readv2
3274.00,readv2
G57..11,readv2
G576200,readv2
G576100,readv2
G56zz00,readv2
G56..11,readv2
G56y.00,readv2
G567100,readv2
G56..00,readv2
G56yz00,readv2
G567000,readv2
G57..00,readv2
G57y.00,readv2
G57yz00,readv2
G57z.00,readv2
Q491.00,readv2
329G.00,readv2
G566200,readv2
329D.00,readv2
Gyu5V00,readv2
G565200,readv2
G562100,readv2
G565500,readv2
329B.00,readv2
329C.00,readv2
G565400,readv2
329F.00,readv2
G565100,readv2
G562000,readv2
329E.00,readv2
G56y400,readv2
7936200,readv2
7937200,readv2
7937z00,readv2
7937.00,readv2
G570300,readv2
G57y600,readv2
7P19z00,readv2
7P19.00,readv2
7P19000,readv2
7P19y00,readv2
G572z00,readv2
G570100,readv2
G572000,readv2
G55A.11,readv2
G559.00,readv2
G55A.00,readv2
7937700,readv2
7936G00,readv2
3297.11,readv2
329H.00,readv2
7937y00,readv2
Gyu5a00,readv2
G572.00,readv2
G56z.00,readv2
Gyu5Y00,readv2
32J2.00,readv2
G56y100,readv2
G566000,readv2
G57y400,readv2
14AQ.00,readv2
14AP.00,readv2
7936300,readv2
7937300,readv2
G576400,readv2
G570200,readv2
G57y900,readv2
327Z.00,readv2
G570.00,readv2
327..00,readv2
G570z00,readv2
G567400,readv2
32K2.00,readv2
32F2.00,readv2
32D2.00,readv2
14V1.00,readv2
G56y600,readv2
9N2b.00,readv2
ZV45000,readv2
14V1.11,readv2
7930000,readv2
ZV53013,readv2
ZV53300,readv2
G576500,readv2
3297.00,readv2
32K3.00,readv2
32J3.00,readv2
8HRF.00,readv2
7936100,readv2
7937100,readv2
SP00100,readv2
TB01000,readv2
G561100,readv2
G56y000,readv2
G560.11,readv2
G576.11,readv2
7936400,readv2
7937400,readv2
32K4.00,readv2